{
  "L1": {
    "5": [
      4,
      3,
      7,
      6,
      10,
      5,
      100,
      30,
      9,
      60,
      80,
      200
    ],
    "8": [
      100,
      50,
      4,
      50,
      500,
      30,
      9,
      200,
      30,
      20,
      8,
      80
    ],
    "40": [
      5,
      8,
      7,
      6,
      100,
      1,
      50,
      40,
      900,
      30,
      20,
      90
    ],
    "200": [
      100,
      50,
      4,
      70,
      600,
      30,
      9,
      200,
      30,
      20,
      8,
      90
    ],
    "900": [
      100,
      50,
      4,
      70,
      90,
      30,
      9,
      200,
      30,
      20,
      8,
      900
    ],
	 "10": [
      100,
      50,
      4,
      10,
      20,
      30,
      9,
      200,
      30,
      90,
      8,
      300
    ],
	"100": [
      100,
      50,
      4,
      10,
      20,
      30,
      9,
      200,
      30,
      90,
      8,
      300
    ],
	 "2": [
      100,
      50,
      20,
      2,
      20,
      30,
      9,
      200,
      30,
      60,
      8,
      300
    ]
	
	
	
  },
  "L2": {}
}